{"mean": [720.1392, 2201.06446, 0.15166, 0.5681254592109236], "std": [518.3699804419233, 1231.445302165268, 0.35869101522062136, 0.15934808080551052]}